kmer	length	standard_nucs
ATAA	77	TRUE
TAAT	73	TRUE
ATAT	66	TRUE
TATT	66	TRUE
AAAT	65	TRUE
AATT	65	TRUE
TTTT	63	TRUE
TAAA	60	TRUE
ATTT	58	TRUE
TTAT	57	TRUE
AATA	55	TRUE
AAAA	53	TRUE
ATTA	53	TRUE
TTTA	53	TRUE
TATA	50	TRUE
TTAA	49	TRUE
GATT	26	TRUE
GTTT	25	TRUE
TACT	24	TRUE
ACTA	22	TRUE
ATAC	22	TRUE
ATGA	22	TRUE
TACA	21	TRUE
TGTT	21	TRUE
ACTT	20	TRUE
CTAA	20	TRUE
AAGT	19	TRUE
CATA	19	TRUE
GAAA	19	TRUE
GTAT	19	TRUE
TAAC	19	TRUE
TCAA	19	TRUE
ACAT	18	TRUE
AGTT	18	TRUE
CTAT	18	TRUE
TTGT	18	TRUE
AACA	17	TRUE
AGAT	17	TRUE
CATT	17	TRUE
CTTT	17	TRUE
TAAG	17	TRUE
TAGA	17	TRUE
TTTG	17	TRUE
AAAC	16	TRUE
AAAG	16	TRUE
AACT	16	TRUE
ACAA	16	TRUE
ATCT	16	TRUE
GTAA	16	TRUE
GTTA	16	TRUE
TGAA	16	TRUE
TGTA	16	TRUE
TTAG	16	TRUE
TTCT	16	TRUE
AAGA	15	TRUE
CAAA	15	TRUE
TCTA	15	TRUE
TGAT	15	TRUE
TTAC	15	TRUE
TTGA	15	TRUE
ATTG	14	TRUE
CAAT	14	TRUE
CTTA	14	TRUE
GAAT	14	TRUE
GATA	14	TRUE
TATC	14	TRUE
TCTT	14	TRUE
TTTC	14	TRUE
AGTA	13	TRUE
TAGT	13	TRUE
TATG	13	TRUE
AATG	12	TRUE
AGAA	12	TRUE
ATCA	12	TRUE
ATTC	12	TRUE
TCAT	12	TRUE
AATC	11	TRUE
ATAG	11	TRUE
TTCA	11	TRUE
ATGT	10	TRUE
CATC	9	TRUE
CGTA	9	TRUE
CTCT	9	TRUE
GTCA	9	TRUE
GTCT	9	TRUE
CAAC	8	TRUE
CCAA	8	TRUE
CGAA	8	TRUE
TCCT	8	TRUE
TGAC	8	TRUE
AGTG	7	TRUE
ATCC	7	TRUE
GAAG	7	TRUE
GACA	7	TRUE
GAGT	7	TRUE
GCAA	7	TRUE
GTGA	7	TRUE
TCAG	7	TRUE
AAGC	6	TRUE
AAGG	6	TRUE
ACAC	6	TRUE
ACAG	6	TRUE
ACCA	6	TRUE
AGGT	6	TRUE
CAAG	6	TRUE
GAAC	6	TRUE
GCAT	6	TRUE
TACC	6	TRUE
ACGT	5	TRUE
ACTG	5	TRUE
AGAC	5	TRUE
AGCT	5	TRUE
ATGG	5	TRUE
CACT	5	TRUE
CAGT	5	TRUE
CATG	5	TRUE
CTGT	5	TRUE
GACT	5	TRUE
GATG	5	TRUE
GGTA	5	TRUE
TAGC	5	TRUE
TCAC	5	TRUE
TGCT	5	TRUE
TGTC	5	TRUE
AACG	4	TRUE
ACGA	4	TRUE
AGGA	4	TRUE
CGTT	4	TRUE
CTTC	4	TRUE
GCTT	4	TRUE
GGTT	4	TRUE
GTTC	4	TRUE
TCTG	4	TRUE
TGAG	4	TRUE
TGCA	4	TRUE
TTCG	4	TRUE
ACTC	3	TRUE
AGAG	3	TRUE
AGCA	3	TRUE
AGTC	3	TRUE
CACA	3	TRUE
CACG	3	TRUE
CCTA	3	TRUE
CCTT	3	TRUE
CGGA	3	TRUE
CTAC	3	TRUE
CTGA	3	TRUE
GACG	3	TRUE
GATC	3	TRUE
GCCA	3	TRUE
GGAT	3	TRUE
GGCA	3	TRUE
GGGT	3	TRUE
GTAC	3	TRUE
GTAG	3	TRUE
TAGG	3	TRUE
TCGA	3	TRUE
TCTC	3	TRUE
TGGT	3	TRUE
TGTG	3	TRUE
TTGG	3	TRUE
AACC	2	TRUE
ACCT	2	TRUE
ACGG	2	TRUE
ATCG	2	TRUE
ATGC	2	TRUE
CACC	2	TRUE
CAGA	2	TRUE
CCAT	2	TRUE
CGAT	2	TRUE
CGCC	2	TRUE
CTAG	2	TRUE
CTGC	2	TRUE
CTTG	2	TRUE
GCAC	2	TRUE
GCCT	2	TRUE
GCTA	2	TRUE
GGAA	2	TRUE
GGAC	2	TRUE
GTCC	2	TRUE
GTGT	2	TRUE
GTTG	2	TRUE
TACG	2	TRUE
TCCA	2	TRUE
TCCG	2	TRUE
TCGC	2	TRUE
TGCG	2	TRUE
TTCC	2	TRUE
TTGC	2	TRUE
ACCG	1	TRUE
ACGC	1	TRUE
AGCC	1	TRUE
AGGC	1	TRUE
CAGC	1	TRUE
CCAC	1	TRUE
CCAG	1	TRUE
CCCC	1	TRUE
CCCT	1	TRUE
CCTC	1	TRUE
CGAC	1	TRUE
CGCT	1	TRUE
CGGT	1	TRUE
CTCA	1	TRUE
CTCC	1	TRUE
CTCG	1	TRUE
GACC	1	TRUE
GAGA	1	TRUE
GAGC	1	TRUE
GCGA	1	TRUE
GCGT	1	TRUE
GCTC	1	TRUE
GGAG	1	TRUE
GGCC	1	TRUE
GGGC	1	TRUE
TCGG	1	TRUE
TCGT	1	TRUE
TGGA	1	TRUE
TGGG	1	TRUE
