kmer	n	ns_nucs
ATA	223	TRUE
TTA	211	TRUE
AAA	209	TRUE
TAA	209	TRUE
ATT	201	TRUE
TAT	199	TRUE
TTT	196	TRUE
AAT	192	TRUE
TGA	68	TRUE
GAT	65	TRUE
TGT	63	TRUE
CTA	62	TRUE
ACA	60	TRUE
ACT	60	TRUE
AGT	60	TRUE
CAT	60	TRUE
AAG	58	TRUE
TCT	58	TRUE
TTG	57	TRUE
ATG	56	TRUE
TAC	54	TRUE
CAA	53	TRUE
CTT	53	TRUE
GTT	53	TRUE
AAC	52	TRUE
TAG	52	TRUE
TCA	52	TRUE
TTC	49	TRUE
ATC	47	TRUE
GAA	46	TRUE
GTA	46	TRUE
AGA	42	TRUE
CTG	24	TRUE
CAC	20	TRUE
GCA	20	TRUE
ACC	19	TRUE
ACG	17	TRUE
CGT	17	TRUE
CTC	17	TRUE
AGG	16	TRUE
CCT	16	TRUE
GAC	15	TRUE
AGC	13	TRUE
CAG	13	TRUE
CGA	13	TRUE
GAG	13	TRUE
GGT	13	TRUE
GGA	12	TRUE
CCA	11	TRUE
GTC	11	TRUE
GCT	10	TRUE
TCC	10	TRUE
TGC	10	TRUE
CCG	9	TRUE
TGG	9	TRUE
TCG	7	TRUE
CGC	6	TRUE
GTG	6	TRUE
GCG	5	TRUE
GCC	4	TRUE
GGC	4	TRUE
CGG	3	TRUE
CCC	2	TRUE
GGG	2	TRUE
